COdigo Departamento,COdigo Municipio,COdigo Centro Poblado,Nombre Departamento,Nombre Municipio,Nombre Centro Poblado,Tipo
05,05001,05001000,ANTIOQUIA,MEDELLIN,MEDELLIN,CM
05,05002,05002000,ANTIOQUIA,ABEJORRAL,ABEJORRAL,CM
05,05004,05004000,ANTIOQUIA,ABRIAQUI,ABRIAQUI,CM
05,05021,05021000,ANTIOQUIA,ALEJANDRIA,ALEJANDRIA,CM
05,05030,05030000,ANTIOQUIA,AMAGA,AMAGA,CM
05,05031,05031000,ANTIOQUIA,AMALFI,AMALFI,CM
05,05034,05034000,ANTIOQUIA,ANDES,ANDES,CM
05,05036,05036000,ANTIOQUIA,ANGELOPOLIS,ANGELOPOLIS,CM
05,05038,05038000,ANTIOQUIA,ANGOSTURA,ANGOSTURA,CM
05,05040,05040000,ANTIOQUIA,ANORI,ANORI,CM
05,05042,05042000,ANTIOQUIA,SANTA FE DE ANTIOQUIA,SANTA FE DE ANTIOQUIA,CM
05,05044,05044000,ANTIOQUIA,ANZA,ANZA,CM
05,05045,05045000,ANTIOQUIA,APARTADO,APARTADO,CM
05,05051,05051000,ANTIOQUIA,ARBOLETES,ARBOLETES,CM
05,05055,05055000,ANTIOQUIA,ARGELIA,ARGELIA,CM
05,05059,05059000,ANTIOQUIA,ARMENIA,ARMENIA,CM
05,05079,05079000,ANTIOQUIA,BARBOSA,BARBOSA,CM
05,05086,05086000,ANTIOQUIA,BELMIRA,BELMIRA,CM
05,05088,05088000,ANTIOQUIA,BELLO,BELLO,CM
05,05091,05091000,ANTIOQUIA,BETANIA,BETANIA,CM
05,05093,05093000,ANTIOQUIA,BETULIA,BETULIA,CM
05,05101,05101000,ANTIOQUIA,CIUDAD BOLIVAR,CIUDAD BOLIVAR,CM
05,05107,05107000,ANTIOQUIA,BRICEÑO,BRICEÑO,CM
05,05113,05113000,ANTIOQUIA,BURITICA,BURITICA,CM
05,05120,05120000,ANTIOQUIA,CACERES,CACERES,CM
05,05125,05125000,ANTIOQUIA,CAICEDO,CAICEDO,CM
05,05129,05129000,ANTIOQUIA,CALDAS,CALDAS,CM
05,05134,05134000,ANTIOQUIA,CAMPAMENTO,CAMPAMENTO,CM
05,05138,05138000,ANTIOQUIA,CAÑASGORDAS,CAÑASGORDAS,CM
05,05142,05142000,ANTIOQUIA,CARACOLI,CARACOLI,CM
05,05145,05145000,ANTIOQUIA,CARAMANTA,CARAMANTA,CM
05,05147,05147000,ANTIOQUIA,CAREPA,CAREPA,CM
05,05148,05148000,ANTIOQUIA,EL CARMEN DE VIBORAL,EL CARMEN DE VIBORAL,CM
05,05150,05150000,ANTIOQUIA,CAROLINA,CAROLINA,CM
05,05154,05154000,ANTIOQUIA,CAUCASIA,CAUCASIA,CM
05,05172,05172000,ANTIOQUIA,CHIGORODO,CHIGORODO,CM
05,05190,05190000,ANTIOQUIA,CISNEROS,CISNEROS,CM
05,05197,05197000,ANTIOQUIA,COCORNA,COCORNA,CM
05,05206,05206000,ANTIOQUIA,CONCEPCION,CONCEPCION,CM
05,05209,05209000,ANTIOQUIA,CONCORDIA,CONCORDIA,CM
05,05212,05212000,ANTIOQUIA,COPACABANA,COPACABANA,CM
05,05234,05234000,ANTIOQUIA,DABEIBA,DABEIBA,CM
05,05237,05237000,ANTIOQUIA,DONMATIAS,DONMATIAS,CM
05,05240,05240000,ANTIOQUIA,EBEJICO,EBEJICO,CM
05,05250,05250000,ANTIOQUIA,EL BAGRE,EL BAGRE,CM
05,05264,05264000,ANTIOQUIA,ENTRERRIOS,ENTRERRIOS,CM
05,05266,05266000,ANTIOQUIA,ENVIGADO,ENVIGADO,CM
05,05282,05282000,ANTIOQUIA,FREDONIA,FREDONIA,CM
05,05284,05284000,ANTIOQUIA,FRONTINO,FRONTINO,CM
05,05306,05306000,ANTIOQUIA,GIRALDO,GIRALDO,CM
05,05308,05308000,ANTIOQUIA,GIRARDOTA,GIRARDOTA,CM
05,05310,05310000,ANTIOQUIA,GOMEZ PLATA,GOMEZ PLATA,CM
05,05313,05313000,ANTIOQUIA,GRANADA,GRANADA,CM
05,05315,05315000,ANTIOQUIA,GUADALUPE,GUADALUPE,CM
05,05318,05318000,ANTIOQUIA,GUARNE,GUARNE,CM
05,05321,05321000,ANTIOQUIA,GUATAPE,GUATAPE,CM
05,05347,05347000,ANTIOQUIA,HELICONIA,HELICONIA,CM
05,05353,05353000,ANTIOQUIA,HISPANIA,HISPANIA,CM
05,05360,05360000,ANTIOQUIA,ITAGUI,ITAGUI,CM
05,05361,05361000,ANTIOQUIA,ITUANGO,ITUANGO,CM
05,05364,05364000,ANTIOQUIA,JARDIN,JARDIN,CM
05,05368,05368000,ANTIOQUIA,JERICO,JERICO,CM
05,05376,05376000,ANTIOQUIA,LA CEJA,LA CEJA,CM
05,05380,05380000,ANTIOQUIA,LA ESTRELLA,LA ESTRELLA,CM
05,05390,05390000,ANTIOQUIA,LA PINTADA,LA PINTADA,CM
05,05400,05400000,ANTIOQUIA,LA UNION,LA UNION,CM
05,05411,05411000,ANTIOQUIA,LIBORINA,LIBORINA,CM
05,05425,05425000,ANTIOQUIA,MACEO,MACEO,CM
05,05440,05440000,ANTIOQUIA,MARINILLA,MARINILLA,CM
05,05467,05467000,ANTIOQUIA,MONTEBELLO,MONTEBELLO,CM
05,05475,05475000,ANTIOQUIA,MURINDO,MURINDO,CM
05,05480,05480000,ANTIOQUIA,MUTATA,MUTATA,CM
05,05483,05483000,ANTIOQUIA,NARIÑO,NARIÑO,CM
05,05490,05490000,ANTIOQUIA,NECOCLI,NECOCLI,CM
05,05495,05495000,ANTIOQUIA,NECHI,NECHI,CM
05,05501,05501000,ANTIOQUIA,OLAYA,OLAYA,CM
05,05541,05541000,ANTIOQUIA,PEÑOL,PEÑOL,CM
05,05543,05543000,ANTIOQUIA,PEQUE,PEQUE,CM
05,05576,05576000,ANTIOQUIA,PUEBLORRICO,PUEBLORRICO,CM
05,05579,05579000,ANTIOQUIA,PUERTO BERRIO,PUERTO BERRIO,CM
05,05585,05585000,ANTIOQUIA,PUERTO NARE,PUERTO NARE,CM
05,05591,05591000,ANTIOQUIA,PUERTO TRIUNFO,PUERTO TRIUNFO,CM
05,05604,05604000,ANTIOQUIA,REMEDIOS,REMEDIOS,CM
05,05607,05607000,ANTIOQUIA,RETIRO,RETIRO,CM
05,05615,05615000,ANTIOQUIA,RIONEGRO,RIONEGRO,CM
05,05628,05628000,ANTIOQUIA,SABANALARGA,SABANALARGA,CM
05,05631,05631000,ANTIOQUIA,SABANETA,SABANETA,CM
05,05642,05642000,ANTIOQUIA,SALGAR,SALGAR,CM
05,05647,05647000,ANTIOQUIA,SAN ANDRES DE CUERQUIA,SAN ANDRES DE CUERQUIA,CM
05,05649,05649000,ANTIOQUIA,SAN CARLOS,SAN CARLOS,CM
05,05652,05652000,ANTIOQUIA,SAN FRANCISCO,SAN FRANCISCO,CM
05,05656,05656000,ANTIOQUIA,SAN JERONIMO,SAN JERONIMO,CM
05,05658,05658000,ANTIOQUIA,SAN JOSE DE LA MONTAÑA,SAN JOSE DE LA MONTAÑA,CM
05,05659,05659000,ANTIOQUIA,SAN JUAN DE URABA,SAN JUAN DE URABA,CM
05,05660,05660000,ANTIOQUIA,SAN LUIS,SAN LUIS,CM
05,05664,05664000,ANTIOQUIA,SAN PEDRO DE LOS MILAGROS,SAN PEDRO DE LOS MILAGROS,CM
05,05665,05665000,ANTIOQUIA,SAN PEDRO DE URABA,SAN PEDRO DE URABA,CM
05,05667,05667000,ANTIOQUIA,SAN RAFAEL,SAN RAFAEL,CM
05,05670,05670000,ANTIOQUIA,SAN ROQUE,SAN ROQUE,CM
05,05674,05674000,ANTIOQUIA,SAN VICENTE FERRER,SAN VICENTE,CM
05,05679,05679000,ANTIOQUIA,SANTA BARBARA,SANTA BARBARA,CM
05,05686,05686000,ANTIOQUIA,SANTA ROSA DE OSOS,SANTA ROSA DE OSOS,CM
05,05690,05690000,ANTIOQUIA,SANTO DOMINGO,SANTO DOMINGO,CM
05,05697,05697000,ANTIOQUIA,EL SANTUARIO,EL SANTUARIO,CM
05,05736,05736000,ANTIOQUIA,SEGOVIA,SEGOVIA,CM
05,05756,05756000,ANTIOQUIA,SONSON,SONSON,CM
05,05761,05761000,ANTIOQUIA,SOPETRAN,SOPETRAN,CM
05,05789,05789000,ANTIOQUIA,TAMESIS,TAMESIS,CM
05,05790,05790000,ANTIOQUIA,TARAZA,TARAZA,CM
05,05792,05792000,ANTIOQUIA,TARSO,TARSO,CM
05,05809,05809000,ANTIOQUIA,TITIRIBI,TITIRIBI,CM
05,05819,05819000,ANTIOQUIA,TOLEDO,TOLEDO,CM
05,05837,05837000,ANTIOQUIA,TURBO,TURBO,CM
05,05842,05842000,ANTIOQUIA,URAMITA,URAMITA,CM
05,05847,05847000,ANTIOQUIA,URRAO,URRAO,CM
05,05854,05854000,ANTIOQUIA,VALDIVIA,VALDIVIA,CM
05,05856,05856000,ANTIOQUIA,VALPARAISO,VALPARAISO,CM
05,05858,05858000,ANTIOQUIA,VEGACHI,VEGACHI,CM
05,05861,05861000,ANTIOQUIA,VENECIA,VENECIA,CM
05,05873,05873000,ANTIOQUIA,VIGIA DEL FUERTE,VIGIA DEL FUERTE,CM
05,05885,05885000,ANTIOQUIA,YALI,YALI,CM
05,05887,05887000,ANTIOQUIA,YARUMAL,YARUMAL,CM
05,05890,05890000,ANTIOQUIA,YOLOMBO,YOLOMBO,CM
05,05893,05893000,ANTIOQUIA,YONDO,CASABE,CM
05,05895,05895000,ANTIOQUIA,ZARAGOZA,ZARAGOZA,CM
08,08001,08001000,ATLANTICO,BARRANQUILLA,BARRANQUILLA,CM
08,08078,08078000,ATLANTICO,BARANOA,BARANOA,CM
08,08137,08137000,ATLANTICO,CAMPO DE LA CRUZ,CAMPO DE LA CRUZ,CM
08,08141,8141000,ATLANTICO,CANDELARIA,CANDELARIA,CM
08,08296,08296000,ATLANTICO,GALAPA,GALAPA,CM
08,08372,08372000,ATLANTICO,JUAN DE ACOSTA,JUAN DE ACOSTA,CM
08,08421,08421000,ATLANTICO,LURUACO,LURUACO,CM
08,08433,08433000,ATLANTICO,MALAMBO,MALAMBO,CM
08,08436,08436000,ATLANTICO,MANATI,MANATI,CM
08,08520,08520000,ATLANTICO,PALMAR DE VARELA,PALMAR DE VARELA,CM
08,08549,08549000,ATLANTICO,PIOJO,PIOJO,CM
08,08558,08558000,ATLANTICO,POLONUEVO,POLONUEVO,CM
08,08560,08560000,ATLANTICO,PONEDERA,PONEDERA,CM
08,08573,08573000,ATLANTICO,PUERTO COLOMBIA,PUERTO COLOMBIA,CM
08,08606,08606000,ATLANTICO,REPELON,REPELON,CM
08,08634,08634000,ATLANTICO,SABANAGRANDE,SABANAGRANDE,CM
08,08638,08638000,ATLANTICO,SABANALARGA,SABANALARGA,CM
08,08675,08675000,ATLANTICO,SANTA LUCIA,SANTA LUCIA,CM
08,08685,08685000,ATLANTICO,SANTO TOMAS,SANTO TOMAS,CM
08,08758,08758000,ATLANTICO,SOLEDAD,SOLEDAD,CM
08,08770,08770000,ATLANTICO,SUAN,SUAN,CM
08,08832,08832000,ATLANTICO,TUBARA,TUBARA,CM
08,08849,08849000,ATLANTICO,USIACURI,USIACURI,CM
11,11001,11001000,BOGOTA,BOGOTA,BOGOTA,CM
13,13001,13001000,BOLIVAR,CARTAGENA,CARTAGENA,CM
13,13006,13006000,BOLIVAR,ACHI,ACHI,CM
13,13030,13030000,BOLIVAR,ALTOS DEL ROSARIO,ALTOS DEL ROSARIO,CM
13,13042,13042000,BOLIVAR,ARENAL,ARENAL,CM
13,13052,13052000,BOLIVAR,ARJONA,ARJONA,CM
13,13062,13062000,BOLIVAR,ARROYOHONDO,ARROYOHONDO,CM
13,13074,13074000,BOLIVAR,BARRANCO DE LOBA,BARRANCO DE LOBA,CM
13,13140,13140000,BOLIVAR,CALAMAR,CALAMAR,CM
13,13160,13160000,BOLIVAR,CANTAGALLO,CANTAGALLO,CM
13,13188,13188000,BOLIVAR,CICUCO,CICUCO,CM
13,13212,13212000,BOLIVAR,CORDOBA,CORDOBA,CM
13,13222,13222000,BOLIVAR,CLEMENCIA,CLEMENCIA,CM
13,13244,13244000,BOLIVAR,EL CARMEN DE BOLIVAR,EL CARMEN DE BOLIVAR,CM
13,13248,13248000,BOLIVAR,EL GUAMO,EL GUAMO,CM
13,13268,13268000,BOLIVAR,EL PEÑON,EL PEÑON,CM
13,13300,13300000,BOLIVAR,HATILLO DE LOBA,HATILLO DE LOBA,CM
13,13430,13430000,BOLIVAR,MAGANGUE,MAGANGUE,CM
13,13433,13433000,BOLIVAR,MAHATES,MAHATES,CM
13,13440,13440000,BOLIVAR,MARGARITA,MARGARITA,CM
13,13442,13442000,BOLIVAR,MARIA LA BAJA,MARIA LA BAJA,CM
13,13458,13458000,BOLIVAR,MONTECRISTO,MONTECRISTO,CM
13,13468,13468000,BOLIVAR,MOMPOS,MOMPOS,CM
13,13473,13473000,BOLIVAR,MORALES,MORALES,CM
13,13490,13490000,BOLIVAR,NOROSI,NOROSI,CM
13,13549,13549000,BOLIVAR,PINILLOS,PINILLOS,CM
13,13580,13580000,BOLIVAR,REGIDOR,REGIDOR,CM
13,13600,13600000,BOLIVAR,RIO VIEJO,RIO VIEJO,CM
13,13620,13620000,BOLIVAR,SAN CRISTOBAL,SAN CRISTOBAL,CM
13,13647,13647000,BOLIVAR,SAN ESTANISLAO,SAN ESTANISLAO DE KOSTKA,CM
13,13650,13650000,BOLIVAR,SAN FERNANDO,SAN FERNANDO,CM
13,13654,13654000,BOLIVAR,SAN JACINTO,SAN JACINTO,CM
13,13655,13655000,BOLIVAR,SAN JACINTO DEL CAUCA,SAN JACINTO DEL CAUCA,CM
13,13657,13657000,BOLIVAR,SAN JUAN NEPOMUCENO,SAN JUAN NEPOMUCENO,CM
13,13667,13667000,BOLIVAR,SAN MARTIN DE LOBA,SAN MARTIN DE LOBA,CM
13,13670,13670000,BOLIVAR,SAN PABLO,SAN PABLO,CM
13,13673,13673000,BOLIVAR,SANTA CATALINA,SANTA CATALINA,CM
13,13683,13683000,BOLIVAR,SANTA ROSA,SANTA ROSA DE LIMA,CM
13,13688,13688000,BOLIVAR,SANTA ROSA DEL SUR,SANTA ROSA DEL SUR,CM
13,13744,13744000,BOLIVAR,SIMITI,SIMITI,CM
13,13760,13760000,BOLIVAR,SOPLAVIENTO,SOPLAVIENTO,CM
13,13780,13780000,BOLIVAR,TALAIGUA NUEVO,TALAIGUA NUEVO,CM
13,13810,13810000,BOLIVAR,TIQUISIO,PUERTO RICO,CM
13,13836,13836000,BOLIVAR,TURBACO,TURBACO,CM
13,13838,13838000,BOLIVAR,TURBANA,TURBANA,CM
13,13873,13873000,BOLIVAR,VILLANUEVA,VILLANUEVA,CM
13,13894,13894000,BOLIVAR,ZAMBRANO,ZAMBRANO,CM
15,15001,15001000,BOYACA,TUNJA,TUNJA,CM
15,15022,15022000,BOYACA,ALMEIDA,ALMEIDA,CM
15,15047,15047000,BOYACA,AQUITANIA,AQUITANIA,CM
15,15051,15051000,BOYACA,ARCABUCO,ARCABUCO,CM
15,15087,15087000,BOYACA,BELEN,BELEN,CM
15,15090,15090000,BOYACA,BERBEO,BERBEO,CM
15,15092,15092000,BOYACA,BETEITIVA,BETEITIVA,CM
15,15097,15097000,BOYACA,BOAVITA,BOAVITA,CM
15,15104,15104000,BOYACA,BOYACA,BOYACA,CM
15,15106,15106000,BOYACA,BRICEÑO,BRICEÑO,CM
15,15109,15109000,BOYACA,BUENAVISTA,BUENAVISTA,CM
15,15114,15114000,BOYACA,BUSBANZA,BUSBANZA,CM
15,15131,15131000,BOYACA,CALDAS,CALDAS,CM
15,15135,15135000,BOYACA,CAMPOHERMOSO,CAMPOHERMOSO,CM
15,15162,15162000,BOYACA,CERINZA,CERINZA,CM
15,15172,15172000,BOYACA,CHINAVITA,CHINAVITA,CM
15,15176,15176000,BOYACA,CHIQUINQUIRA,CHIQUINQUIRA,CM
15,15180,15180000,BOYACA,CHISCAS,CHISCAS,CM
15,15183,15183000,BOYACA,CHITA,CHITA,CM
15,15185,15185000,BOYACA,CHITARAQUE,CHITARAQUE,CM
15,15187,15187000,BOYACA,CHIVATA,CHIVATA,CM
15,15189,15189000,BOYACA,CIENEGA,CIENEGA,CM
15,15204,15204000,BOYACA,COMBITA,COMBITA,CM
15,15212,15212000,BOYACA,COPER,COPER,CM
15,15215,15215000,BOYACA,CORRALES,CORRALES,CM
15,15218,15218000,BOYACA,COVARACHIA,COVARACHIA,CM
15,15223,15223000,BOYACA,CUBARA,CUBARA,CM
15,15224,15224000,BOYACA,CUCAITA,CUCAITA,CM
15,15226,15226000,BOYACA,CUITIVA,CUITIVA,CM
15,15232,15232000,BOYACA,CHIQUIZA,CHIQUIZA,CM
15,15236,15236000,BOYACA,CHIVOR,CHIVOR,CM
15,15238,15238000,BOYACA,DUITAMA,DUITAMA,CM
15,15244,15244000,BOYACA,EL COCUY,EL COCUY,CM
15,15248,15248000,BOYACA,EL ESPINO,EL ESPINO,CM
15,15272,15272000,BOYACA,FIRAVITOBA,FIRAVITOBA,CM
15,15276,15276000,BOYACA,FLORESTA,FLORESTA,CM
15,15293,15293000,BOYACA,GACHANTIVA,GACHANTIVA,CM
15,15296,15296000,BOYACA,GAMEZA,GAMEZA,CM
15,15299,15299000,BOYACA,GARAGOA,GARAGOA,CM
15,15317,15317000,BOYACA,GUACAMAYAS,GUACAMAYAS,CM
15,15322,15322000,BOYACA,GUATEQUE,GUATEQUE,CM
15,15325,15325000,BOYACA,GUAYATA,GUAYATA,CM
15,15332,15332000,BOYACA,GUICAN,GUICAN,CM
15,15362,15362000,BOYACA,IZA,IZA,CM
15,15367,15367000,BOYACA,JENESANO,JENESANO,CM
15,15368,15368000,BOYACA,JERICO,JERICO,CM
15,15377,15377000,BOYACA,LABRANZAGRANDE,LABRANZAGRANDE,CM
15,15380,15380000,BOYACA,LA CAPILLA,LA CAPILLA,CM
15,15401,15401000,BOYACA,LA VICTORIA,LA VICTORIA,CM
15,15403,15403000,BOYACA,LA UVITA,LA UVITA,CM
15,15407,15407000,BOYACA,VILLA DE LEYVA,VILLA DE LEYVA,CM
15,15425,15425000,BOYACA,MACANAL,MACANAL,CM
15,15442,15442000,BOYACA,MARIPI,MARIPI,CM
15,15455,15455000,BOYACA,MIRAFLORES,MIRAFLORES,CM
15,15464,15464000,BOYACA,MONGUA,MONGUA,CM
15,15466,15466000,BOYACA,MONGUI,MONGUI,CM
15,15469,15469000,BOYACA,MONIQUIRA,MONIQUIRA,CM
15,15476,15476000,BOYACA,MOTAVITA,MOTAVITA,CM
15,15480,15480000,BOYACA,MUZO,MUZO,CM
15,15491,15491000,BOYACA,NOBSA,NOBSA,CM
15,15494,15494000,BOYACA,NUEVO COLON,NUEVO COLON,CM
15,15500,15500000,BOYACA,OICATA,OICATA,CM
15,15507,15507000,BOYACA,OTANCHE,OTANCHE,CM
15,15511,15511000,BOYACA,PACHAVITA,PACHAVITA,CM
15,15514,15514000,BOYACA,PAEZ,PAEZ,CM
15,15516,15516000,BOYACA,PAIPA,PAIPA,CM
15,15518,15518000,BOYACA,PAJARITO,PAJARITO,CM
15,15522,15522000,BOYACA,PANQUEBA,PANQUEBA,CM
15,15531,15531000,BOYACA,PAUNA,PAUNA,CM
15,15533,15533000,BOYACA,PAYA,PAYA,CM
15,15537,15537000,BOYACA,PAZ DE RIO,PAZ DE RIO,CM
15,15542,15542000,BOYACA,PESCA,PESCA,CM
15,15550,15550000,BOYACA,PISBA,PISBA,CM
15,15572,15572000,BOYACA,PUERTO BOYACA,PUERTO BOYACA,CM
15,15580,15580000,BOYACA,QUIPAMA,QUIPAMA,CM
15,15599,15599000,BOYACA,RAMIRIQUI,RAMIRIQUI,CM
15,15600,15600000,BOYACA,RAQUIRA,RAQUIRA,CM
15,15621,15621000,BOYACA,RONDON,RONDON,CM
15,15632,15632000,BOYACA,SABOYA,SABOYA,CM
15,15638,15638000,BOYACA,SACHICA,SACHICA,CM
15,15646,15646000,BOYACA,SAMACA,SAMACA,CM
15,15660,15660000,BOYACA,SAN EDUARDO,SAN EDUARDO,CM
15,15664,15664000,BOYACA,SAN JOSE DE PARE,SAN JOSE DE PARE,CM
15,15667,15667000,BOYACA,SAN LUIS DE GACENO,SAN LUIS DE GACENO,CM
15,15673,15673000,BOYACA,SAN MATEO,SAN MATEO,CM
15,15676,15676000,BOYACA,SAN MIGUEL DE SEMA,SAN MIGUEL DE SEMA,CM
15,15681,15681000,BOYACA,SAN PABLO DE BORBUR,SAN PABLO DE BORBUR,CM
15,15686,15686000,BOYACA,SANTANA,SANTANA,CM
15,15690,15690000,BOYACA,SANTA MARIA,SANTA MARIA,CM
15,15693,15693000,BOYACA,SANTA ROSA DE VITERBO,SANTA ROSA DE VITERBO,CM
15,15696,15696000,BOYACA,SANTA SOFIA,SANTA SOFIA,CM
15,15720,15720000,BOYACA,SATIVANORTE,SATIVANORTE,CM
15,15723,15723000,BOYACA,SATIVASUR,SATIVASUR,CM
15,15740,15740000,BOYACA,SIACHOQUE,SIACHOQUE,CM
15,15753,15753000,BOYACA,SOATA,SOATA,CM
15,15755,15755000,BOYACA,SOCOTA,SOCOTA,CM
15,15757,15757000,BOYACA,SOCHA,SOCHA,CM
15,15759,15759000,BOYACA,SOGAMOSO,SOGAMOSO,CM
15,15761,15761000,BOYACA,SOMONDOCO,SOMONDOCO,CM
15,15762,15762000,BOYACA,SORA,SORA,CM
15,15763,15763000,BOYACA,SOTAQUIRA,SOTAQUIRA,CM
15,15764,15764000,BOYACA,SORACA,SORACA,CM
15,15774,15774000,BOYACA,SUSACON,SUSACON,CM
15,15776,15776000,BOYACA,SUTAMARCHAN,SUTAMARCHAN,CM
15,15778,15778000,BOYACA,SUTATENZA,SUTATENZA,CM
15,15790,15790000,BOYACA,TASCO,TASCO,CM
15,15798,15798000,BOYACA,TENZA,TENZA,CM
15,15804,15804000,BOYACA,TIBANA,TIBANA,CM
15,15806,15806000,BOYACA,TIBASOSA,TIBASOSA,CM
15,15808,15808000,BOYACA,TINJACA,TINJACA,CM
15,15810,15810000,BOYACA,TIPACOQUE,TIPACOQUE,CM
15,15814,15814000,BOYACA,TOCA,TOCA,CM
15,15816,15816000,BOYACA,TOGUI,TOGUI,CM
15,15820,15820000,BOYACA,TOPAGA,TOPAGA,CM
15,15822,15822000,BOYACA,TOTA,TOTA,CM
15,15832,15832000,BOYACA,TUNUNGUA,TUNUNGUA,CM
15,15835,15835000,BOYACA,TURMEQUE,TURMEQUE,CM
15,15837,15837000,BOYACA,TUTA,TUTA,CM
15,15839,15839000,BOYACA,TUTAZA,TUTAZA,CM
15,15842,15842000,BOYACA,UMBITA,UMBITA,CM
15,15861,15861000,BOYACA,VENTAQUEMADA,VENTAQUEMADA,CM
15,15879,15879000,BOYACA,VIRACACHA,VIRACACHA,CM
15,15897,15897000,BOYACA,ZETAQUIRA,ZETAQUIRA,CM
17,17001,17001000,CALDAS,MANIZALES,MANIZALES,CM
17,17013,17013000,CALDAS,AGUADAS,AGUADAS,CM
17,17042,17042000,CALDAS,ANSERMA,ANSERMA,CM
17,17050,17050000,CALDAS,ARANZAZU,ARANZAZU,CM
17,17088,17088000,CALDAS,BELALCAZAR,BELALCAZAR,CM
17,17174,17174000,CALDAS,CHINCHINA,CHINCHINA,CM
17,17272,17272000,CALDAS,FILADELFIA,FILADELFIA,CM
17,17380,17380000,CALDAS,LA DORADA,LA DORADA,CM
17,17388,17388000,CALDAS,LA MERCED,LA MERCED,CM
17,17433,17433000,CALDAS,MANZANARES,MANZANARES,CM
17,17442,17442000,CALDAS,MARMATO,MARMATO,CM
17,17444,17444000,CALDAS,MARQUETALIA,MARQUETALIA,CM
17,17446,17446000,CALDAS,MARULANDA,MARULANDA,CM
17,17486,17486000,CALDAS,NEIRA,NEIRA,CM
17,17495,17495000,CALDAS,NORCASIA,NORCASIA,CM
17,17513,17513000,CALDAS,PACORA,PACORA,CM
17,17524,17524000,CALDAS,PALESTINA,PALESTINA,CM
17,17541,17541000,CALDAS,PENSILVANIA,PENSILVANIA,CM
17,17614,17614000,CALDAS,RIOSUCIO,RIOSUCIO,CM
17,17616,17616000,CALDAS,RISARALDA,RISARALDA,CM
17,17653,17653000,CALDAS,SALAMINA,SALAMINA,CM
17,17662,17662000,CALDAS,SAMANA,SAMANA,CM
17,17665,17665000,CALDAS,SAN JOSE,SAN JOSE,CM
17,17777,17777000,CALDAS,SUPIA,SUPIA,CM
17,17867,17867000,CALDAS,VICTORIA,VICTORIA,CM
17,17873,17873000,CALDAS,VILLAMARIA,VILLAMARIA,CM
17,17877,17877000,CALDAS,VITERBO,VITERBO,CM
18,18001,18001000,CAQUETA,FLORENCIA,FLORENCIA,CM
18,18029,18029000,CAQUETA,ALBANIA,ALBANIA,CM
18,18094,18094000,CAQUETA,BELEN DE LOS ANDAQUIES,BELEN DE LOS ANDAQUIES,CM
18,18150,18150000,CAQUETA,CARTAGENA DEL CHAIRA,CARTAGENA DEL CHAIRA,CM
18,18205,18205000,CAQUETA,CURILLO,CURILLO,CM
18,18247,18247000,CAQUETA,EL DONCELLO,EL DONCELLO,CM
18,18256,18256000,CAQUETA,EL PAUJIL,EL PAUJIL,CM
18,18410,18410000,CAQUETA,LA MONTAÑITA,LA MONTAÑITA,CM
18,18460,18460000,CAQUETA,MILAN,MILAN,CM
18,18479,18479000,CAQUETA,MORELIA,MORELIA,CM
18,18592,18592000,CAQUETA,PUERTO RICO,PUERTO RICO,CM
18,18610,18610000,CAQUETA,SAN JOSE DEL FRAGUA,SAN JOSE DEL FRAGUA,CM
18,18753,18753000,CAQUETA,SAN VICENTE DEL CAGUAN,SAN VICENTE DEL CAGUAN,CM
18,18756,18756000,CAQUETA,SOLANO,SOLANO,CM
18,18785,18785000,CAQUETA,SOLITA,SOLITA,CM
18,18860,18860000,CAQUETA,VALPARAISO,VALPARAISO,CM
19,19001,19001000,CAUCA,POPAYAN,POPAYAN,CM
19,19022,19022000,CAUCA,ALMAGUER,ALMAGUER,CM
19,19050,19050000,CAUCA,ARGELIA,ARGELIA,CM
19,19075,19075000,CAUCA,BALBOA,BALBOA,CM
19,19100,19100000,CAUCA,BOLIVAR,BOLIVAR,CM
19,19110,19110000,CAUCA,BUENOS AIRES,BUENOS AIRES,CM
19,19130,19130000,CAUCA,CAJIBIO,CAJIBIO,CM
19,19137,19137000,CAUCA,CALDONO,CALDONO,CM
19,19142,19142000,CAUCA,CALOTO,CALOTO,CM
19,19212,19212000,CAUCA,CORINTO,CORINTO,CM
19,19256,19256000,CAUCA,EL TAMBO,EL TAMBO,CM
19,19290,19290000,CAUCA,FLORENCIA,FLORENCIA,CM
19,19300,19300000,CAUCA,GUACHENE,GUACHENE,CM
19,19318,19318000,CAUCA,GUAPI,GUAPI,CM
19,19355,19355000,CAUCA,INZA,INZA,CM
19,19364,19364000,CAUCA,JAMBALO,JAMBALO,CM
19,19392,19392000,CAUCA,LA SIERRA,LA SIERRA,CM
19,19397,19397000,CAUCA,LA VEGA,LA VEGA,CM
19,19418,19418000,CAUCA,LOPEZ DE MICAY,LOPEZ,CM
19,19450,19450000,CAUCA,MERCADERES,MERCADERES,CM
19,19455,19455000,CAUCA,MIRANDA,MIRANDA,CM
19,19473,19473000,CAUCA,MORALES,MORALES,CM
19,19513,19513000,CAUCA,PADILLA,PADILLA,CM
19,19517,19517000,CAUCA,PAEZ,BELALCAZAR,CM
19,19532,19532000,CAUCA,PATIA,EL BORDO,CM
19,19533,19533000,CAUCA,PIAMONTE,PIAMONTE,CM
19,19548,19548000,CAUCA,PIENDAMO,PIENDAMO,CM
19,19573,19573000,CAUCA,PUERTO TEJADA,PUERTO TEJADA,CM
19,19585,19585000,CAUCA,PURACE,COCONUCO,CM
19,19622,19622000,CAUCA,ROSAS,ROSAS,CM
19,19693,19693000,CAUCA,SAN SEBASTIAN,SAN SEBASTIAN,CM
19,19698,19698000,CAUCA,SANTANDER DE QUILICHAO,SANTANDER DE QUILICHAO,CM
19,19701,19701000,CAUCA,SANTA ROSA,SANTA ROSA,CM
19,19743,19743000,CAUCA,SILVIA,SILVIA,CM
19,19760,19760000,CAUCA,SOTARA,PAISPAMBA,CM
19,19780,19780000,CAUCA,SUAREZ,SUAREZ,CM
19,19785,19785000,CAUCA,SUCRE,SUCRE,CM
19,19807,19807000,CAUCA,TIMBIO,TIMBIO,CM
19,19809,19809000,CAUCA,TIMBIQUI,TIMBIQUI,CM
19,19821,19821000,CAUCA,TORIBIO,TORIBIO,CM
19,19824,19824000,CAUCA,TOTORO,TOTORO,CM
19,19845,19845000,CAUCA,VILLA RICA,VILLA RICA,CM
20,20001,20001000,CESAR,VALLEDUPAR,VALLEDUPAR,CM
20,20011,20011000,CESAR,AGUACHICA,AGUACHICA,CM
20,20013,20013000,CESAR,AGUSTIN CODAZZI,AGUSTIN CODAZZI,CM
20,20032,20032000,CESAR,ASTREA,ASTREA,CM
20,20045,20045000,CESAR,BECERRIL,BECERRIL,CM
20,20060,20060000,CESAR,BOSCONIA,BOSCONIA,CM
20,20175,20175000,CESAR,CHIMICHAGUA,CHIMICHAGUA,CM
20,20178,20178000,CESAR,CHIRIGUANA,CHIRIGUANA,CM
20,20228,20228000,CESAR,CURUMANI,CURUMANI,CM
20,20238,20238000,CESAR,EL COPEY,EL COPEY,CM
20,20250,20250000,CESAR,EL PASO,EL PASO,CM
20,20295,20295000,CESAR,GAMARRA,GAMARRA,CM
20,20310,20310000,CESAR,GONZALEZ,GONZALEZ,CM
20,20383,20383000,CESAR,LA GLORIA,LA GLORIA,CM
20,20400,20400000,CESAR,LA JAGUA DE IBIRICO,LA JAGUA DE IBIRICO,CM
20,20443,20443000,CESAR,MANAURE BALCON DEL CESAR,MANAURE BALCON DEL CESAR,CM
20,20517,20517000,CESAR,PAILITAS,PAILITAS,CM
20,20550,20550000,CESAR,PELAYA,PELAYA,CM
20,20570,20570000,CESAR,PUEBLO BELLO,PUEBLO BELLO,CM
20,20614,20614000,CESAR,RIO DE ORO,RIO DE ORO,CM
20,20621,20621000,CESAR,LA PAZ,ROBLES,CM
20,20710,20710000,CESAR,SAN ALBERTO,SAN ALBERTO,CM
20,20750,20750000,CESAR,SAN DIEGO,SAN DIEGO,CM
20,20770,20770000,CESAR,SAN MARTIN,SAN MARTIN,CM
20,20787,20787000,CESAR,TAMALAMEQUE,TAMALAMEQUE,CM
23,23001,23001000,CORDOBA,MONTERIA,MONTERIA,CM
23,23068,23068000,CORDOBA,AYAPEL,AYAPEL,CM
23,23079,23079000,CORDOBA,BUENAVISTA,BUENAVISTA,CM
23,23090,23090000,CORDOBA,CANALETE,CANALETE URBANO,CM
23,23162,23162000,CORDOBA,CERETE,CERETE,CM
23,23168,23168000,CORDOBA,CHIMA,CHIMA,CM
23,23182,23182000,CORDOBA,CHINU,CHINU,CM
23,23189,23189000,CORDOBA,CIENAGA DE ORO,CIENAGA DE ORO,CM
23,23300,23300000,CORDOBA,COTORRA,COTORRA,CM
23,23350,23350000,CORDOBA,LA APARTADA,LA APARTADA Y LA FRONTERA,CM
23,23417,23417000,CORDOBA,LORICA,SANTA CRUZ DE LORICA,CM
23,23419,23419000,CORDOBA,LOS CORDOBAS,LOS CORDOBAS,CM
23,23464,23464000,CORDOBA,MOMIL,MOMIL,CM
23,23466,23466000,CORDOBA,MONTELIBANO,MONTELIBANO,CM
23,23500,23500000,CORDOBA,MOÑITOS,MOÑITOS,CM
23,23555,23555000,CORDOBA,PLANETA RICA,PLANETA RICA,CM
23,23570,23570000,CORDOBA,PUEBLO NUEVO,PUEBLO NUEVO,CM
23,23574,23574000,CORDOBA,PUERTO ESCONDIDO,PUERTO ESCONDIDO,CM
23,23580,23580000,CORDOBA,PUERTO LIBERTADOR,PUERTO LIBERTADOR,CM
23,23586,23586000,CORDOBA,PURISIMA DE LA CONCEPCION,PURISIMA DE LA CONCEPCION,CM
23,23660,23660000,CORDOBA,SAHAGUN,SAHAGUN,CM
23,23670,23670000,CORDOBA,SAN ANDRES DE SOTAVENTO,SAN ANDRES DE SOTAVENTO,CM
23,23672,23672000,CORDOBA,SAN ANTERO,SAN ANTERO,CM
23,23675,23675000,CORDOBA,SAN BERNARDO DEL VIENTO,SAN BERNARDO DEL VIENTO,CM
23,23678,23678000,CORDOBA,SAN CARLOS,SAN CARLOS,CM
23,23682,23682000,CORDOBA,SAN JOSE DE URE,SAN JOSE DE URE,CM
23,23686,23686000,CORDOBA,SAN PELAYO,SAN PELAYO,CM
23,23807,23807000,CORDOBA,TIERRALTA,TIERRALTA,CM
23,23815,23815000,CORDOBA,TUCHIN,TUCHIN,CM
23,23855,23855000,CORDOBA,VALENCIA,VALENCIA,CM
25,25001,25001000,CUNDINAMARCA,AGUA DE DIOS,AGUA DE DIOS,CM
25,25019,25019000,CUNDINAMARCA,ALBAN,ALBAN,CM
25,25035,25035000,CUNDINAMARCA,ANAPOIMA,ANAPOIMA,CM
25,25040,25040000,CUNDINAMARCA,ANOLAIMA,ANOLAIMA,CM
25,25053,25053000,CUNDINAMARCA,ARBELAEZ,ARBELAEZ,CM
25,25086,25086000,CUNDINAMARCA,BELTRAN,BELTRAN,CM
25,25095,25095000,CUNDINAMARCA,BITUIMA,BITUIMA,CM
25,25099,25099000,CUNDINAMARCA,BOJACA,BOJACA,CM
25,25120,25120000,CUNDINAMARCA,CABRERA,CABRERA,CM
25,25123,25123000,CUNDINAMARCA,CACHIPAY,CACHIPAY,CM
25,25126,25126000,CUNDINAMARCA,CAJICA,CAJICA,CM
25,25148,25148000,CUNDINAMARCA,CAPARRAPI,CAPARRAPI,CM
25,25151,25151000,CUNDINAMARCA,CAQUEZA,CAQUEZA,CM
25,25154,25154000,CUNDINAMARCA,CARMEN DE CARUPA,CARMEN DE CARUPA,CM
25,25168,25168000,CUNDINAMARCA,CHAGUANI,CHAGUANI,CM
25,25175,25175000,CUNDINAMARCA,CHIA,CHIA,CM
25,25178,25178000,CUNDINAMARCA,CHIPAQUE,CHIPAQUE,CM
25,25181,25181000,CUNDINAMARCA,CHOACHI,CHOACHI,CM
25,25183,25183000,CUNDINAMARCA,CHOCONTA,CHOCONTA,CM
25,25200,25200000,CUNDINAMARCA,COGUA,COGUA,CM
25,25214,25214000,CUNDINAMARCA,COTA,COTA,CM
25,25224,25224000,CUNDINAMARCA,CUCUNUBA,CUCUNUBA,CM
25,25245,25245000,CUNDINAMARCA,EL COLEGIO,EL COLEGIO,CM
25,25258,25258000,CUNDINAMARCA,EL PEÑON,EL PEÑON,CM
25,25260,25260000,CUNDINAMARCA,EL ROSAL,EL ROSAL,CM
25,25269,25269000,CUNDINAMARCA,FACATATIVA,FACATATIVA,CM
25,25279,25279000,CUNDINAMARCA,FOMEQUE,FOMEQUE,CM
25,25281,25281000,CUNDINAMARCA,FOSCA,FOSCA,CM
25,25286,25286000,CUNDINAMARCA,FUNZA,FUNZA,CM
25,25288,25288000,CUNDINAMARCA,FUQUENE,FUQUENE,CM
25,25290,25290000,CUNDINAMARCA,FUSAGASUGA,FUSAGASUGA,CM
25,25293,25293000,CUNDINAMARCA,GACHALA,GACHALA,CM
25,25295,25295000,CUNDINAMARCA,GACHANCIPA,GACHANCIPA,CM
25,25297,25297000,CUNDINAMARCA,GACHETA,GACHETA,CM
25,25299,25299000,CUNDINAMARCA,GAMA,GAMA,CM
25,25307,25307000,CUNDINAMARCA,GIRARDOT,GIRARDOT,CM
25,25312,25312000,CUNDINAMARCA,GRANADA,GRANADA,CM
25,25317,25317000,CUNDINAMARCA,GUACHETA,GUACHETA,CM
25,25320,25320000,CUNDINAMARCA,GUADUAS,GUADUAS,CM
25,25322,25322000,CUNDINAMARCA,GUASCA,GUASCA,CM
25,25324,25324000,CUNDINAMARCA,GUATAQUI,GUATAQUI,CM
25,25326,25326000,CUNDINAMARCA,GUATAVITA,GUATAVITA,CM
25,25328,25328000,CUNDINAMARCA,GUAYABAL DE SIQUIMA,GUAYABAL DE SIQUIMA,CM
25,25335,25335000,CUNDINAMARCA,GUAYABETAL,GUAYABETAL,CM
25,25339,25339000,CUNDINAMARCA,GUTIERREZ,GUTIERREZ,CM
25,25368,25368000,CUNDINAMARCA,JERUSALEN,JERUSALEN,CM
25,25372,25372000,CUNDINAMARCA,JUNIN,JUNIN,CM
25,25377,25377000,CUNDINAMARCA,LA CALERA,LA CALERA,CM
25,25386,25386000,CUNDINAMARCA,LA MESA,LA MESA,CM
25,25394,25394000,CUNDINAMARCA,LA PALMA,LA PALMA,CM
25,25398,25398000,CUNDINAMARCA,LA PEÑA,LA PEÑA,CM
25,25402,25402000,CUNDINAMARCA,LA VEGA,LA VEGA,CM
25,25407,25407000,CUNDINAMARCA,LENGUAZAQUE,LENGUAZAQUE,CM
25,25426,25426000,CUNDINAMARCA,MACHETA,MACHETA,CM
25,25430,25430000,CUNDINAMARCA,MADRID,MADRID,CM
25,25436,25436000,CUNDINAMARCA,MANTA,MANTA,CM
25,25438,25438000,CUNDINAMARCA,MEDINA,MEDINA,CM
25,25473,25473000,CUNDINAMARCA,MOSQUERA,MOSQUERA,CM
25,25483,25483000,CUNDINAMARCA,NARIÑO,NARIÑO,CM
25,25486,25486000,CUNDINAMARCA,NEMOCON,NEMOCON,CM
25,25488,25488000,CUNDINAMARCA,NILO,NILO,CM
25,25489,25489000,CUNDINAMARCA,NIMAIMA,NIMAIMA,CM
25,25491,25491000,CUNDINAMARCA,NOCAIMA,NOCAIMA,CM
25,25506,25506000,CUNDINAMARCA,VENECIA,VENECIA,CM
25,25513,25513000,CUNDINAMARCA,PACHO,PACHO,CM
25,25518,25518000,CUNDINAMARCA,PAIME,PAIME,CM
25,25524,25524000,CUNDINAMARCA,PANDI,PANDI,CM
25,25530,25530000,CUNDINAMARCA,PARATEBUENO,PARATEBUENO,CM
25,25535,25535000,CUNDINAMARCA,PASCA,PASCA,CM
25,25572,25572000,CUNDINAMARCA,PUERTO SALGAR,PUERTO SALGAR,CM
25,25580,25580000,CUNDINAMARCA,PULI,PULI,CM
25,25592,25592000,CUNDINAMARCA,QUEBRADANEGRA,QUEBRADANEGRA,CM
25,25594,25594000,CUNDINAMARCA,QUETAME,QUETAME,CM
25,25596,25596000,CUNDINAMARCA,QUIPILE,QUIPILE,CM
25,25599,25599000,CUNDINAMARCA,APULO,APULO,CM
25,25612,25612000,CUNDINAMARCA,RICAURTE,RICAURTE,CM
25,25645,25645000,CUNDINAMARCA,SAN ANTONIO DEL TEQUENDAMA,SAN ANTONIO DEL TEQUENDAMA,CM
25,25649,25649000,CUNDINAMARCA,SAN BERNARDO,SAN BERNARDO,CM
25,25653,25653000,CUNDINAMARCA,SAN CAYETANO,PUEBLO NUEVO,CM
25,25658,25658000,CUNDINAMARCA,SAN FRANCISCO,SAN FRANCISCO,CM
25,25662,25662000,CUNDINAMARCA,SAN JUAN DE RIOSECO,SAN JUAN DE RIOSECO,CM
25,25718,25718000,CUNDINAMARCA,SASAIMA,SASAIMA,CM
25,25736,25736000,CUNDINAMARCA,SESQUILE,SESQUILE,CM
25,25740,25740000,CUNDINAMARCA,SIBATE,SIBATE,CM
25,25743,25743000,CUNDINAMARCA,SILVANIA,SILVANIA,CM
25,25745,25745000,CUNDINAMARCA,SIMIJACA,SIMIJACA,CM
25,25754,25754000,CUNDINAMARCA,SOACHA,SOACHA,CM
25,25758,25758000,CUNDINAMARCA,SOPO,SOPO,CM
25,25769,25769000,CUNDINAMARCA,SUBACHOQUE,SUBACHOQUE,CM
25,25772,25772000,CUNDINAMARCA,SUESCA,SUESCA,CM
25,25777,25777000,CUNDINAMARCA,SUPATA,SUPATA,CM
25,25779,25779000,CUNDINAMARCA,SUSA,SUSA,CM
25,25781,25781000,CUNDINAMARCA,SUTATAUSA,SUTATAUSA,CM
25,25785,25785000,CUNDINAMARCA,TABIO,TABIO,CM
25,25793,25793000,CUNDINAMARCA,TAUSA,TAUSA,CM
25,25797,25797000,CUNDINAMARCA,TENA,TENA,CM
25,25799,25799000,CUNDINAMARCA,TENJO,TENJO,CM
25,25805,25805000,CUNDINAMARCA,TIBACUY,TIBACUY,CM
25,25807,25807000,CUNDINAMARCA,TIBIRITA,TIBIRITA,CM
25,25815,25815000,CUNDINAMARCA,TOCAIMA,TOCAIMA,CM
25,25817,25817000,CUNDINAMARCA,TOCANCIPA,TOCANCIPA,CM
25,25823,25823000,CUNDINAMARCA,TOPAIPI,TOPAIPI,CM
25,25839,25839000,CUNDINAMARCA,UBALA,UBALA,CM
25,25841,25841000,CUNDINAMARCA,UBAQUE,UBAQUE,CM
25,25843,25843000,CUNDINAMARCA,VILLA DE SAN DIEGO DE UBATE,VILLA DE SAN DIEGO DE UBATE,CM
25,25845,25845000,CUNDINAMARCA,UNE,UNE,CM
25,25851,25851000,CUNDINAMARCA,UTICA,UTICA,CM
25,25862,25862000,CUNDINAMARCA,VERGARA,VERGARA,CM
25,25867,25867000,CUNDINAMARCA,VIANI,VIANI,CM
25,25871,25871000,CUNDINAMARCA,VILLAGOMEZ,VILLAGOMEZ,CM
25,25873,25873000,CUNDINAMARCA,VILLAPINZON,VILLAPINZON,CM
25,25875,25875000,CUNDINAMARCA,VILLETA,VILLETA,CM
25,25878,25878000,CUNDINAMARCA,VIOTA,VIOTA,CM
25,25885,25885000,CUNDINAMARCA,YACOPI,YACOPI,CM
25,25898,25898000,CUNDINAMARCA,ZIPACON,ZIPACON,CM
25,25899,25899000,CUNDINAMARCA,ZIPAQUIRA,ZIPAQUIRA,CM
27,27001,27001000,CHOCO,QUIBDO,SAN FRANCISCO DE QUIBDO,CM
27,27006,27006000,CHOCO,ACANDI,ACANDI,CM
27,27025,27025000,CHOCO,ALTO BAUDO,PIE DE PATO,CM
27,27050,27050000,CHOCO,ATRATO,YUTO,CM
27,27073,27073000,CHOCO,BAGADO,BAGADO,CM
27,27075,27075000,CHOCO,BAHIA SOLANO,CIUDAD MUTIS,CM
27,27077,27077000,CHOCO,BAJO BAUDO,PIZARRO,CM
27,27099,27099000,CHOCO,BOJAYA,BELLAVISTA,CM
27,27135,27135000,CHOCO,EL CANTON DEL SAN PABLO,MANAGRU,CM
27,27150,27150000,CHOCO,CARMEN DEL DARIEN,CURBARADO,CM
27,27160,27160000,CHOCO,CERTEGUI,CERTEGUI,CM
27,27205,27205000,CHOCO,CONDOTO,CONDOTO,CM
27,27245,27245000,CHOCO,EL CARMEN DE ATRATO,EL CARMEN DE ATRATO,CM
27,27250,27250000,CHOCO,EL LITORAL DEL SAN JUAN,SANTA GENOVEVA DE DOCORDO,CM
27,27361,27361000,CHOCO,ISTMINA,ISTMINA,CM
27,27372,27372000,CHOCO,JURADO,JURADO,CM
27,27413,27413000,CHOCO,LLORO,LLORO,CM
27,27425,27425000,CHOCO,MEDIO ATRATO,BETE,CM
27,27430,27430000,CHOCO,MEDIO BAUDO,PUERTO MELUK,CM
27,27450,27450000,CHOCO,MEDIO SAN JUAN,ANDAGOYA,CM
27,27491,27491000,CHOCO,NOVITA,NOVITA,CM
27,27495,27495000,CHOCO,NUQUI,NUQUI,CM
27,27580,27580000,CHOCO,RIO IRO,SANTA RITA,CM
27,27600,27600000,CHOCO,RIO QUITO,PAIMADO,CM
27,27615,27615000,CHOCO,RIOSUCIO,RIOSUCIO,CM
27,27660,27660000,CHOCO,SAN JOSE DEL PALMAR,SAN JOSE DEL PALMAR,CM
27,27745,27745000,CHOCO,SIPI,SIPI,CM
27,27787,27787000,CHOCO,TADO,TADO,CM
27,27800,27800000,CHOCO,UNGUIA,UNGUIA,CM
27,27810,27810000,CHOCO,UNION PANAMERICANA,ANIMAS,CM
41,41001,41001000,HUILA,NEIVA,NEIVA,CM
41,41006,41006000,HUILA,ACEVEDO,ACEVEDO,CM
41,41013,41013000,HUILA,AGRADO,AGRADO,CM
41,41016,41016000,HUILA,AIPE,AIPE,CM
41,41020,41020000,HUILA,ALGECIRAS,ALGECIRAS,CM
41,41026,41026000,HUILA,ALTAMIRA,ALTAMIRA,CM
41,41078,41078000,HUILA,BARAYA,BARAYA,CM
41,41132,41132000,HUILA,CAMPOALEGRE,CAMPOALEGRE,CM
41,41206,41206000,HUILA,COLOMBIA,COLOMBIA,CM
41,41244,41244000,HUILA,ELIAS,ELIAS,CM
41,41298,41298000,HUILA,GARZON,GARZON,CM
41,41306,41306000,HUILA,GIGANTE,GIGANTE,CM
41,41319,41319000,HUILA,GUADALUPE,GUADALUPE,CM
41,41349,41349000,HUILA,HOBO,HOBO,CM
41,41357,41357000,HUILA,IQUIRA,IQUIRA,CM
41,41359,41359000,HUILA,ISNOS,SAN JOSE DE ISNOS,CM
41,41378,41378000,HUILA,LA ARGENTINA,LA ARGENTINA,CM
41,41396,41396000,HUILA,LA PLATA,LA PLATA,CM
41,41483,41483000,HUILA,NATAGA,NATAGA,CM
41,41503,41503000,HUILA,OPORAPA,OPORAPA,CM
41,41518,41518000,HUILA,PAICOL,PAICOL,CM
41,41524,41524000,HUILA,PALERMO,PALERMO,CM
41,41530,41530000,HUILA,PALESTINA,PALESTINA,CM
41,41548,41548000,HUILA,PITAL,PITAL,CM
41,41551,41551000,HUILA,PITALITO,PITALITO,CM
41,41615,41615000,HUILA,RIVERA,RIVERA,CM
41,41660,41660000,HUILA,SALADOBLANCO,SALADOBLANCO,CM
41,41668,41668000,HUILA,SAN AGUSTIN,SAN AGUSTIN,CM
41,41676,41676000,HUILA,SANTA MARIA,SANTA MARIA,CM
41,41770,41770000,HUILA,SUAZA,SUAZA,CM
41,41791,41791000,HUILA,TARQUI,TARQUI,CM
41,41797,41797000,HUILA,TESALIA,TESALIA,CM
41,41799,41799000,HUILA,TELLO,TELLO,CM
41,41801,41801000,HUILA,TERUEL,TERUEL,CM
41,41807,41807000,HUILA,TIMANA,TIMANA,CM
41,41872,41872000,HUILA,VILLAVIEJA,VILLAVIEJA,CM
41,41885,41885000,HUILA,YAGUARA,YAGUARA,CM
44,44001,44001000,LA GUAJIRA,RIOHACHA,RIOHACHA,CM
44,44035,44035000,LA GUAJIRA,ALBANIA,ALBANIA,CM
44,44078,44078000,LA GUAJIRA,BARRANCAS,BARRANCAS,CM
44,44090,44090000,LA GUAJIRA,DIBULLA,DIBULLA,CM
44,44098,44098000,LA GUAJIRA,DISTRACCION,DISTRACCION,CM
44,44110,44110000,LA GUAJIRA,EL MOLINO,EL MOLINO,CM
44,44279,44279000,LA GUAJIRA,FONSECA,FONSECA,CM
44,44378,44378000,LA GUAJIRA,HATONUEVO,HATONUEVO,CM
44,44420,44420000,LA GUAJIRA,LA JAGUA DEL PILAR,LA JAGUA DEL PILAR,CM
44,44430,44430000,LA GUAJIRA,MAICAO,MAICAO,CM
44,44560,44560000,LA GUAJIRA,MANAURE,MANAURE,CM
44,44650,44650000,LA GUAJIRA,SAN JUAN DEL CESAR,SAN JUAN DEL CESAR,CM
44,44847,44847000,LA GUAJIRA,URIBIA,URIBIA,CM
44,44855,44855000,LA GUAJIRA,URUMITA,URUMITA,CM
44,44874,44874000,LA GUAJIRA,VILLANUEVA,VILLANUEVA,CM
47,47001,47001000,MAGDALENA,SANTA MARTA,SANTA MARTA,CM
47,47030,47030000,MAGDALENA,ALGARROBO,ALGARROBO,CM
47,47053,47053000,MAGDALENA,ARACATACA,ARACATACA,CM
47,47058,47058000,MAGDALENA,ARIGUANI,EL DIFICIL,CM
47,47161,47161000,MAGDALENA,CERRO DE SAN ANTONIO,CERRO DE SAN ANTONIO,CM
47,47170,47170000,MAGDALENA,CHIVOLO,CHIVOLO,CM
47,47189,47189000,MAGDALENA,CIENAGA,CIENAGA,CM
47,47205,47205000,MAGDALENA,CONCORDIA,CONCORDIA,CM
47,47245,47245000,MAGDALENA,EL BANCO,EL BANCO,CM
47,47258,47258000,MAGDALENA,EL PIÑON,EL PIÑON,CM
47,47268,47268000,MAGDALENA,EL RETEN,EL RETEN,CM
47,47288,47288000,MAGDALENA,FUNDACION,FUNDACION,CM
47,47318,47318000,MAGDALENA,GUAMAL,GUAMAL,CM
47,47460,47460000,MAGDALENA,NUEVA GRANADA,GRANADA,CM
47,47541,47541000,MAGDALENA,PEDRAZA,PEDRAZA,CM
47,47545,47545000,MAGDALENA,PIJIÑO DEL CARMEN,PIJIÑO,CM
47,47551,47551000,MAGDALENA,PIVIJAY,PIVIJAY,CM
47,47555,47555000,MAGDALENA,PLATO,PLATO,CM
47,47570,47570000,MAGDALENA,PUEBLOVIEJO,PUEBLOVIEJO,CM
47,47605,47605000,MAGDALENA,REMOLINO,REMOLINO,CM
47,47660,47660000,MAGDALENA,SABANAS DE SAN ANGEL,SAN ANGEL,CM
47,47675,47675000,MAGDALENA,SALAMINA,SALAMINA,CM
47,47692,47692000,MAGDALENA,SAN SEBASTIAN DE BUENAVISTA,SAN SEBASTIAN DE BUENAVISTA,CM
47,47703,47703000,MAGDALENA,SAN ZENON,SAN ZENON,CM
47,47707,47707000,MAGDALENA,SANTA ANA,SANTA ANA,CM
47,47720,47720000,MAGDALENA,SANTA BARBARA DE PINTO,SANTA BARBARA DE PINTO,CM
47,47745,47745000,MAGDALENA,SITIONUEVO,SITIONUEVO,CM
47,47798,47798000,MAGDALENA,TENERIFE,TENERIFE,CM
47,47960,47960000,MAGDALENA,ZAPAYAN,PUNTA DE PIEDRAS,CM
47,47980,47980000,MAGDALENA,ZONA BANANERA,PRADO - SEVILLA,CM
50,50001,50001000,META,VILLAVICENCIO,VILLAVICENCIO,CM
50,50006,50006000,META,ACACIAS,ACACIAS,CM
50,50110,50110000,META,BARRANCA DE UPIA,BARRANCA DE UPIA,CM
50,50124,50124000,META,CABUYARO,CABUYARO,CM
50,50150,50150000,META,CASTILLA LA NUEVA,CASTILLA LA NUEVA,CM
50,50223,50223000,META,SAN LUIS DE CUBARRAL,SAN LUIS DE CUBARRAL,CM
50,50226,50226000,META,CUMARAL,CUMARAL,CM
50,50245,50245000,META,EL CALVARIO,EL CALVARIO,CM
50,50251,50251000,META,EL CASTILLO,EL CASTILLO,CM
50,50270,50270000,META,EL DORADO,EL DORADO,CM
50,50287,50287000,META,FUENTE DE ORO,FUENTE DE ORO,CM
50,50313,50313000,META,GRANADA,GRANADA,CM
50,50318,50318000,META,GUAMAL,GUAMAL,CM
50,50325,50325000,META,MAPIRIPAN,MAPIRIPAN,CM
50,50330,50330000,META,MESETAS,MESETAS,CM
50,50350,50350000,META,LA MACARENA,LA MACARENA,CM
50,50370,50370000,META,URIBE,URIBE,CM
50,50400,50400000,META,LEJANIAS,LEJANIAS,CM
50,50450,50450000,META,PUERTO CONCORDIA,PUERTO CONCORDIA,CM
50,50568,50568000,META,PUERTO GAITAN,PUERTO GAITAN,CM
50,50573,50573000,META,PUERTO LOPEZ,PUERTO LOPEZ,CM
50,50577,50577000,META,PUERTO LLERAS,PUERTO LLERAS,CM
50,50590,50590000,META,PUERTO RICO,PUERTO RICO,CM
50,50606,50606000,META,RESTREPO,RESTREPO,CM
50,50680,50680000,META,SAN CARLOS DE GUAROA,SAN CARLOS DE GUAROA,CM
50,50683,50683000,META,SAN JUAN DE ARAMA,SAN JUAN DE ARAMA,CM
50,50686,50686000,META,SAN JUANITO,SAN JUANITO,CM
50,50689,50689000,META,SAN MARTIN,SAN MARTIN,CM
50,50711,50711000,META,VISTAHERMOSA,VISTAHERMOSA,CM
52,52001,52001000,NARIÑO,PASTO,SAN JUAN DE PASTO,CM
52,52019,52019000,NARIÑO,ALBAN,SAN JOSE,CM
52,52022,52022000,NARIÑO,ALDANA,ALDANA,CM
52,52036,52036000,NARIÑO,ANCUYA,ANCUYA,CM
52,52051,52051000,NARIÑO,ARBOLEDA,BERRUECOS,CM
52,52079,52079000,NARIÑO,BARBACOAS,BARBACOAS,CM
52,52083,52083000,NARIÑO,BELEN,BELEN,CM
52,52110,52110000,NARIÑO,BUESACO,BUESACO,CM
52,52203,52203000,NARIÑO,COLON,GENOVA,CM
52,52207,52207000,NARIÑO,CONSACA,CONSACA,CM
52,52210,52210000,NARIÑO,CONTADERO,CONTADERO,CM
52,52215,52215000,NARIÑO,CORDOBA,CORDOBA,CM
52,52224,52224000,NARIÑO,CUASPUD,CARLOSAMA,CM
52,52227,52227000,NARIÑO,CUMBAL,CUMBAL,CM
52,52233,52233000,NARIÑO,CUMBITARA,CUMBITARA,CM
52,52240,52240000,NARIÑO,CHACHAGUI,CHACHAGUI,CM
52,52250,52250000,NARIÑO,EL CHARCO,EL CHARCO,CM
52,52254,52254000,NARIÑO,EL PEÑOL,EL PEÑOL,CM
52,52256,52256000,NARIÑO,EL ROSARIO,EL ROSARIO,CM
52,52258,52258000,NARIÑO,EL TABLON DE GOMEZ,EL TABLON DE GOMEZ,CM
52,52260,52260000,NARIÑO,EL TAMBO,EL TAMBO,CM
52,52287,52287000,NARIÑO,FUNES,FUNES,CM
52,52317,52317000,NARIÑO,GUACHUCAL,GUACHUCAL,CM
52,52320,52320000,NARIÑO,GUAITARILLA,GUAITARILLA,CM
52,52323,52323000,NARIÑO,GUALMATAN,GUALMATAN,CM
52,52352,52352000,NARIÑO,ILES,ILES,CM
52,52354,52354000,NARIÑO,IMUES,IMUES,CM
52,52356,52356000,NARIÑO,IPIALES,IPIALES,CM
52,52378,52378000,NARIÑO,LA CRUZ,LA CRUZ,CM
52,52381,52381000,NARIÑO,LA FLORIDA,LA FLORIDA,CM
52,52385,52385000,NARIÑO,LA LLANADA,LA LLANADA,CM
52,52390,52390000,NARIÑO,LA TOLA,LA TOLA,CM
52,52399,52399000,NARIÑO,LA UNION,LA UNION,CM
52,52405,52405000,NARIÑO,LEIVA,LEIVA,CM
52,52411,52411000,NARIÑO,LINARES,LINARES,CM
52,52418,52418000,NARIÑO,LOS ANDES,SOTOMAYOR,CM
52,52427,52427000,NARIÑO,MAGUI,PAYAN,CM
52,52435,52435000,NARIÑO,MALLAMA,PIEDRANCHA,CM
52,52473,52473000,NARIÑO,MOSQUERA,MOSQUERA,CM
52,52480,52480000,NARIÑO,NARIÑO,NARIÑO,CM
52,52490,52490000,NARIÑO,OLAYA HERRERA,BOCAS DE SATINGA,CM
52,52506,52506000,NARIÑO,OSPINA,OSPINA,CM
52,52520,52520000,NARIÑO,FRANCISCO PIZARRO,SALAHONDA,CM
52,52540,52540000,NARIÑO,POLICARPA,POLICARPA,CM
52,52560,52560000,NARIÑO,POTOSI,POTOSI,CM
52,52565,52565000,NARIÑO,PROVIDENCIA,PROVIDENCIA,CM
52,52573,52573000,NARIÑO,PUERRES,PUERRES,CM
52,52585,52585000,NARIÑO,PUPIALES,PUPIALES,CM
52,52612,52612000,NARIÑO,RICAURTE,RICAURTE,CM
52,52621,52621000,NARIÑO,ROBERTO PAYAN,SAN JOSE,CM
52,52678,52678000,NARIÑO,SAMANIEGO,SAMANIEGO,CM
52,52683,52683000,NARIÑO,SANDONA,SANDONA,CM
52,52685,52685000,NARIÑO,SAN BERNARDO,SAN BERNARDO,CM
52,52687,52687000,NARIÑO,SAN LORENZO,SAN LORENZO,CM
52,52693,52693000,NARIÑO,SAN PABLO,SAN PABLO,CM
52,52694,52694000,NARIÑO,SAN PEDRO DE CARTAGO,SAN PEDRO DE CARTAGO,CM
52,52696,52696000,NARIÑO,SANTA BARBARA,ISCUANDE,CM
52,52699,52699000,NARIÑO,SANTACRUZ,GUACHAVES,CM
52,52720,52720000,NARIÑO,SAPUYES,SAPUYES,CM
52,52786,52786000,NARIÑO,TAMINANGO,TAMINANGO,CM
52,52788,52788000,NARIÑO,TANGUA,TANGUA,CM
52,52835,52835000,NARIÑO,SAN ANDRES DE TUMACO,TUMACO,CM
52,52838,52838000,NARIÑO,TUQUERRES,TUQUERRES,CM
52,52885,52885000,NARIÑO,YACUANQUER,YACUANQUER,CM
54,54001,54001000,NORTE DE SANTANDER,CUCUTA,CUCUTA,CM
54,54003,54003000,NORTE DE SANTANDER,ABREGO,ABREGO,CM
54,54051,54051000,NORTE DE SANTANDER,ARBOLEDAS,ARBOLEDAS,CM
54,54099,54099000,NORTE DE SANTANDER,BOCHALEMA,BOCHALEMA,CM
54,54109,54109000,NORTE DE SANTANDER,BUCARASICA,BUCARASICA,CM
54,54125,54125000,NORTE DE SANTANDER,CACOTA,CACOTA,CM
54,54128,54128000,NORTE DE SANTANDER,CACHIRA,CACHIRA,CM
54,54172,54172000,NORTE DE SANTANDER,CHINACOTA,CHINACOTA,CM
54,54174,54174000,NORTE DE SANTANDER,CHITAGA,CHITAGA,CM
54,54206,54206000,NORTE DE SANTANDER,CONVENCION,CONVENCION,CM
54,54223,54223000,NORTE DE SANTANDER,CUCUTILLA,CUCUTILLA,CM
54,54239,54239000,NORTE DE SANTANDER,DURANIA,DURANIA,CM
54,54245,54245000,NORTE DE SANTANDER,EL CARMEN,EL CARMEN,CM
54,54250,54250000,NORTE DE SANTANDER,EL TARRA,EL TARRA,CM
54,54261,54261000,NORTE DE SANTANDER,EL ZULIA,EL ZULIA,CM
54,54313,54313000,NORTE DE SANTANDER,GRAMALOTE,GRAMALOTE,CM
54,54344,54344000,NORTE DE SANTANDER,HACARI,HACARI,CM
54,54347,54347000,NORTE DE SANTANDER,HERRAN,HERRAN,CM
54,54377,54377000,NORTE DE SANTANDER,LABATECA,LABATECA,CM
54,54385,54385000,NORTE DE SANTANDER,LA ESPERANZA,LA ESPERANZA,CM
54,54398,54398000,NORTE DE SANTANDER,LA PLAYA,LA PLAYA,CM
54,54405,54405000,NORTE DE SANTANDER,LOS PATIOS,LOS PATIOS,CM
54,54418,54418000,NORTE DE SANTANDER,LOURDES,LOURDES,CM
54,54480,54480000,NORTE DE SANTANDER,MUTISCUA,MUTISCUA,CM
54,54498,54498000,NORTE DE SANTANDER,OCAÑA,OCAÑA,CM
54,54518,54518000,NORTE DE SANTANDER,PAMPLONA,PAMPLONA,CM
54,54520,54520000,NORTE DE SANTANDER,PAMPLONITA,PAMPLONITA,CM
54,54553,54553000,NORTE DE SANTANDER,PUERTO SANTANDER,PUERTO SANTANDER,CM
54,54599,54599000,NORTE DE SANTANDER,RAGONVALIA,RAGONVALIA,CM
54,54660,54660000,NORTE DE SANTANDER,SALAZAR,SALAZAR,CM
54,54670,54670000,NORTE DE SANTANDER,SAN CALIXTO,SAN CALIXTO,CM
54,54673,54673000,NORTE DE SANTANDER,SAN CAYETANO,SAN CAYETANO,CM
54,54680,54680000,NORTE DE SANTANDER,SANTIAGO,SANTIAGO,CM
54,54720,54720000,NORTE DE SANTANDER,SARDINATA,SARDINATA,CM
54,54743,54743000,NORTE DE SANTANDER,SILOS,SILOS,CM
54,54800,54800000,NORTE DE SANTANDER,TEORAMA,TEORAMA,CM
54,54810,54810000,NORTE DE SANTANDER,TIBU,TIBU,CM
54,54820,54820000,NORTE DE SANTANDER,TOLEDO,TOLEDO,CM
54,54871,54871000,NORTE DE SANTANDER,VILLA CARO,VILLA CARO,CM
54,54874,54874000,NORTE DE SANTANDER,VILLA DEL ROSARIO,VILLA DEL ROSARIO,CM
63,63001,63001000,QUINDIO,ARMENIA,ARMENIA,CM
63,63111,63111000,QUINDIO,BUENAVISTA,BUENAVISTA,CM
63,63130,63130000,QUINDIO,CALARCA,CALARCA,CM
63,63190,63190000,QUINDIO,CIRCASIA,CIRCASIA,CM
63,63212,63212000,QUINDIO,CORDOBA,CORDOBA,CM
63,63272,63272000,QUINDIO,FILANDIA,FILANDIA,CM
63,63302,63302000,QUINDIO,GENOVA,GENOVA,CM
63,63401,63401000,QUINDIO,LA TEBAIDA,LA TEBAIDA,CM
63,63470,63470000,QUINDIO,MONTENEGRO,MONTENEGRO,CM
63,63548,63548000,QUINDIO,PIJAO,PIJAO,CM
63,63594,63594000,QUINDIO,QUIMBAYA,QUIMBAYA,CM
63,63690,63690000,QUINDIO,SALENTO,SALENTO,CM
66,66001,66001000,RISARALDA,PEREIRA,PEREIRA,CM
66,66045,66045000,RISARALDA,APIA,APIA,CM
66,66075,66075000,RISARALDA,BALBOA,BALBOA,CM
66,66088,66088000,RISARALDA,BELEN DE UMBRIA,BELEN DE UMBRIA,CM
66,66170,66170000,RISARALDA,DOSQUEBRADAS,DOSQUEBRADAS,CM
66,66318,66318000,RISARALDA,GUATICA,GUATICA,CM
66,66383,66383000,RISARALDA,LA CELIA,LA CELIA,CM
66,66400,66400000,RISARALDA,LA VIRGINIA,LA VIRGINIA,CM
66,66440,66440000,RISARALDA,MARSELLA,MARSELLA,CM
66,66456,66456000,RISARALDA,MISTRATO,MISTRATO,CM
66,66572,66572000,RISARALDA,PUEBLO RICO,PUEBLO RICO,CM
66,66594,66594000,RISARALDA,QUINCHIA,QUINCHIA,CM
66,66682,66682000,RISARALDA,SANTA ROSA DE CABAL,SANTA ROSA DE CABAL,CM
66,66687,66687000,RISARALDA,SANTUARIO,SANTUARIO,CM
68,68001,68001000,SANTANDER,BUCARAMANGA,BUCARAMANGA,CM
68,68013,68013000,SANTANDER,AGUADA,AGUADA,CM
68,68020,68020000,SANTANDER,ALBANIA,ALBANIA,CM
68,68051,68051000,SANTANDER,ARATOCA,ARATOCA,CM
68,68077,68077000,SANTANDER,BARBOSA,BARBOSA,CM
68,68079,68079000,SANTANDER,BARICHARA,BARICHARA,CM
68,68081,68081000,SANTANDER,BARRANCABERMEJA,BARRANCABERMEJA,CM
68,68092,68092000,SANTANDER,BETULIA,BETULIA,CM
68,68101,68101000,SANTANDER,BOLIVAR,BOLIVAR,CM
68,68121,68121000,SANTANDER,CABRERA,CABRERA,CM
68,68132,68132000,SANTANDER,CALIFORNIA,CALIFORNIA,CM
68,68147,68147000,SANTANDER,CAPITANEJO,CAPITANEJO,CM
68,68152,68152000,SANTANDER,CARCASI,CARCASI,CM
68,68160,68160000,SANTANDER,CEPITA,CEPITA,CM
68,68162,68162000,SANTANDER,CERRITO,CERRITO,CM
68,68167,68167000,SANTANDER,CHARALA,CHARALA,CM
68,68169,68169000,SANTANDER,CHARTA,CHARTA,CM
68,68176,68176000,SANTANDER,CHIMA,CHIMA,CM
68,68179,68179000,SANTANDER,CHIPATA,CHIPATA,CM
68,68190,68190000,SANTANDER,CIMITARRA,CIMITARRA,CM
68,68207,68207000,SANTANDER,CONCEPCION,CONCEPCION,CM
68,68209,68209000,SANTANDER,CONFINES,CONFINES,CM
68,68211,68211000,SANTANDER,CONTRATACION,CONTRATACION,CM
68,68217,68217000,SANTANDER,COROMORO,COROMORO,CM
68,68229,68229000,SANTANDER,CURITI,CURITI,CM
68,68235,68235000,SANTANDER,EL CARMEN DE CHUCURI,EL CARMEN DE CHUCURI,CM
68,68245,68245000,SANTANDER,EL GUACAMAYO,EL GUACAMAYO,CM
68,68250,68250000,SANTANDER,EL PEÑON,EL PEÑON,CM
68,68255,68255000,SANTANDER,EL PLAYON,EL PLAYON,CM
68,68264,68264000,SANTANDER,ENCINO,ENCINO,CM
68,68266,68266000,SANTANDER,ENCISO,ENCISO,CM
68,68271,68271000,SANTANDER,FLORIAN,FLORIAN,CM
68,68276,68276000,SANTANDER,FLORIDABLANCA,FLORIDABLANCA,CM
68,68296,68296000,SANTANDER,GALAN,GALAN,CM
68,68298,68298000,SANTANDER,GAMBITA,GAMBITA,CM
68,68307,68307000,SANTANDER,GIRON,GIRON,CM
68,68318,68318000,SANTANDER,GUACA,GUACA,CM
68,68320,68320000,SANTANDER,GUADALUPE,GUADALUPE,CM
68,68322,68322000,SANTANDER,GUAPOTA,GUAPOTA,CM
68,68324,68324000,SANTANDER,GUAVATA,GUAVATA,CM
68,68327,68327000,SANTANDER,GUEPSA,GUEPSA,CM
68,68344,68344000,SANTANDER,HATO,HATO,CM
68,68368,68368000,SANTANDER,JESUS MARIA,JESUS MARIA,CM
68,68370,68370000,SANTANDER,JORDAN,JORDAN SUBE,CM
68,68377,68377000,SANTANDER,LA BELLEZA,LA BELLEZA,CM
68,68385,68385000,SANTANDER,LANDAZURI,LANDAZURI,CM
68,68397,68397000,SANTANDER,LA PAZ,LA PAZ,CM
68,68406,68406000,SANTANDER,LEBRIJA,LEBRIJA,CM
68,68418,68418000,SANTANDER,LOS SANTOS,LOS SANTOS,CM
68,68425,68425000,SANTANDER,MACARAVITA,MACARAVITA,CM
68,68432,68432000,SANTANDER,MALAGA,MALAGA,CM
68,68444,68444000,SANTANDER,MATANZA,MATANZA,CM
68,68464,68464000,SANTANDER,MOGOTES,MOGOTES,CM
68,68468,68468000,SANTANDER,MOLAGAVITA,MOLAGAVITA,CM
68,68498,68498000,SANTANDER,OCAMONTE,OCAMONTE,CM
68,68500,68500000,SANTANDER,OIBA,OIBA,CM
68,68502,68502000,SANTANDER,ONZAGA,ONZAGA,CM
68,68522,68522000,SANTANDER,PALMAR,PALMAR,CM
68,68524,68524000,SANTANDER,PALMAS DEL SOCORRO,PALMAS DEL SOCORRO,CM
68,68533,68533000,SANTANDER,PARAMO,PARAMO,CM
68,68547,68547000,SANTANDER,PIEDECUESTA,PIEDECUESTA,CM
68,68549,68549000,SANTANDER,PINCHOTE,PINCHOTE,CM
68,68572,68572000,SANTANDER,PUENTE NACIONAL,PUENTE NACIONAL,CM
68,68573,68573000,SANTANDER,PUERTO PARRA,PUERTO PARRA,CM
68,68575,68575000,SANTANDER,PUERTO WILCHES,PUERTO WILCHES,CM
68,68615,68615000,SANTANDER,RIONEGRO,RIONEGRO,CM
68,68655,68655000,SANTANDER,SABANA DE TORRES,SABANA DE TORRES,CM
68,68669,68669000,SANTANDER,SAN ANDRES,SAN ANDRES,CM
68,68673,68673000,SANTANDER,SAN BENITO,SAN BENITO,CM
68,68679,68679000,SANTANDER,SAN GIL,SAN GIL,CM
68,68682,68682000,SANTANDER,SAN JOAQUIN,SAN JOAQUIN,CM
68,68684,68684000,SANTANDER,SAN JOSE DE MIRANDA,SAN JOSE DE MIRANDA,CM
68,68686,68686000,SANTANDER,SAN MIGUEL,SAN MIGUEL,CM
68,68689,68689000,SANTANDER,SAN VICENTE DE CHUCURI,SAN VICENTE DE CHUCURI,CM
68,68705,68705000,SANTANDER,SANTA BARBARA,SANTA BARBARA,CM
68,68720,68720000,SANTANDER,SANTA HELENA DEL OPON,SANTA HELENA DEL OPON,CM
68,68745,68745000,SANTANDER,SIMACOTA,SIMACOTA,CM
68,68755,68755000,SANTANDER,SOCORRO,SOCORRO,CM
68,68770,68770000,SANTANDER,SUAITA,SUAITA,CM
68,68773,68773000,SANTANDER,SUCRE,SUCRE,CM
68,68780,68780000,SANTANDER,SURATA,SURATA,CM
68,68820,68820000,SANTANDER,TONA,TONA,CM
68,68855,68855000,SANTANDER,VALLE DE SAN JOSE,VALLE DE SAN JOSE,CM
68,68861,68861000,SANTANDER,VELEZ,VELEZ,CM
68,68867,68867000,SANTANDER,VETAS,VETAS,CM
68,68872,68872000,SANTANDER,VILLANUEVA,VILLANUEVA,CM
68,68895,68895000,SANTANDER,ZAPATOCA,ZAPATOCA,CM
70,70001,70001000,SUCRE,SINCELEJO,SINCELEJO,CM
70,70110,70110000,SUCRE,BUENAVISTA,BUENAVISTA,CM
70,70124,70124000,SUCRE,CAIMITO,CAIMITO,CM
70,70204,70204000,SUCRE,COLOSO,RICAURTE (COLOSO),CM
70,70215,70215000,SUCRE,COROZAL,COROZAL,CM
70,70221,70221000,SUCRE,COVEÑAS,COVEÑAS,CM
70,70230,70230000,SUCRE,CHALAN,CHALAN,CM
70,70233,70233000,SUCRE,EL ROBLE,EL ROBLE,CM
70,70235,70235000,SUCRE,GALERAS,GALERAS,CM
70,70265,70265000,SUCRE,GUARANDA,GUARANDA,CM
70,70400,70400000,SUCRE,LA UNION,LA UNION,CM
70,70418,70418000,SUCRE,LOS PALMITOS,LOS PALMITOS,CM
70,70429,70429000,SUCRE,MAJAGUAL,MAJAGUAL,CM
70,70473,70473000,SUCRE,MORROA,MORROA,CM
70,70508,70508000,SUCRE,OVEJAS,OVEJAS,CM
70,70523,70523000,SUCRE,PALMITO,PALMITO,CM
70,70670,70670000,SUCRE,SAMPUES,SAMPUES,CM
70,70678,70678000,SUCRE,SAN BENITO ABAD,SAN BENITO ABAD,CM
70,70702,70702000,SUCRE,SAN JUAN DE BETULIA,BETULIA,CM
70,70708,70708000,SUCRE,SAN MARCOS,SAN MARCOS,CM
70,70713,70713000,SUCRE,SAN ONOFRE,SAN ONOFRE,CM
70,70717,70717000,SUCRE,SAN PEDRO,SAN PEDRO,CM
70,70742,70742000,SUCRE,SAN LUIS DE SINCE,SINCE,CM
70,70771,70771000,SUCRE,SUCRE,SUCRE,CM
70,70820,70820000,SUCRE,SANTIAGO DE TOLU,SANTIAGO DE TOLU,CM
70,70823,70823000,SUCRE,TOLU VIEJO,TOLU VIEJO,CM
73,73001,73001000,TOLIMA,IBAGUE,IBAGUE,CM
73,73024,73024000,TOLIMA,ALPUJARRA,ALPUJARRA,CM
73,73026,73026000,TOLIMA,ALVARADO,ALVARADO,CM
73,73030,73030000,TOLIMA,AMBALEMA,AMBALEMA,CM
73,73043,73043000,TOLIMA,ANZOATEGUI,ANZOATEGUI,CM
73,73055,73055000,TOLIMA,ARMERO GUAYABAL,GUAYABAL,CM
73,73067,73067000,TOLIMA,ATACO,ATACO,CM
73,73124,73124000,TOLIMA,CAJAMARCA,CAJAMARCA,CM
73,73148,73148000,TOLIMA,CARMEN DE APICALA,CARMEN DE APICALA,CM
73,73152,73152000,TOLIMA,CASABIANCA,CASABIANCA,CM
73,73168,73168000,TOLIMA,CHAPARRAL,CHAPARRAL,CM
73,73200,73200000,TOLIMA,COELLO,COELLO,CM
73,73217,73217000,TOLIMA,COYAIMA,COYAIMA,CM
73,73226,73226000,TOLIMA,CUNDAY,CUNDAY,CM
73,73236,73236000,TOLIMA,DOLORES,DOLORES,CM
73,73268,73268000,TOLIMA,ESPINAL,ESPINAL,CM
73,73270,73270000,TOLIMA,FALAN,FALAN,CM
73,73275,73275000,TOLIMA,FLANDES,FLANDES,CM
73,73283,73283000,TOLIMA,FRESNO,FRESNO,CM
73,73319,73319000,TOLIMA,GUAMO,GUAMO,CM
73,73347,73347000,TOLIMA,HERVEO,HERVEO,CM
73,73349,73349000,TOLIMA,HONDA,HONDA,CM
73,73352,73352000,TOLIMA,ICONONZO,ICONONZO,CM
73,73408,73408000,TOLIMA,LERIDA,LERIDA,CM
73,73411,73411000,TOLIMA,LIBANO,LIBANO,CM
73,73443,73443000,TOLIMA,SAN SEBASTIAN DE MARIQUITA,SAN SEBASTIAN DE MARIQUITA,CM
73,73449,73449000,TOLIMA,MELGAR,MELGAR,CM
73,73461,73461000,TOLIMA,MURILLO,MURILLO,CM
73,73483,73483000,TOLIMA,NATAGAIMA,NATAGAIMA,CM
73,73504,73504000,TOLIMA,ORTEGA,ORTEGA,CM
73,73520,73520000,TOLIMA,PALOCABILDO,PALOCABILDO,CM
73,73547,73547000,TOLIMA,PIEDRAS,PIEDRAS,CM
73,73555,73555000,TOLIMA,PLANADAS,PLANADAS,CM
73,73563,73563000,TOLIMA,PRADO,PRADO,CM
73,73585,73585000,TOLIMA,PURIFICACION,PURIFICACION,CM
73,73616,73616000,TOLIMA,RIOBLANCO,RIOBLANCO,CM
73,73622,73622000,TOLIMA,RONCESVALLES,RONCESVALLES,CM
73,73624,73624000,TOLIMA,ROVIRA,ROVIRA,CM
73,73671,73671000,TOLIMA,SALDAÑA,SALDAÑA,CM
73,73675,73675000,TOLIMA,SAN ANTONIO,SAN ANTONIO,CM
73,73678,73678000,TOLIMA,SAN LUIS,SAN LUIS,CM
73,73686,73686000,TOLIMA,SANTA ISABEL,SANTA ISABEL,CM
73,73770,73770000,TOLIMA,SUAREZ,SUAREZ,CM
73,73854,73854000,TOLIMA,VALLE DE SAN JUAN,VALLE DE SAN JUAN,CM
73,73861,73861000,TOLIMA,VENADILLO,VENADILLO,CM
73,73870,73870000,TOLIMA,VILLAHERMOSA,VILLAHERMOSA,CM
73,73873,73873000,TOLIMA,VILLARRICA,VILLARRICA,CM
76,76001,76001000,VALLE DEL CAUCA,CALI,SANTIAGO DE CALI,CM
76,76020,76020000,VALLE DEL CAUCA,ALCALA,ALCALA,CM
76,76036,76036000,VALLE DEL CAUCA,ANDALUCIA,ANDALUCIA,CM
76,76041,76041000,VALLE DEL CAUCA,ANSERMANUEVO,ANSERMANUEVO,CM
76,76054,76054000,VALLE DEL CAUCA,ARGELIA,ARGELIA,CM
76,76100,76100000,VALLE DEL CAUCA,BOLIVAR,BOLIVAR,CM
76,76109,76109000,VALLE DEL CAUCA,BUENAVENTURA,BUENAVENTURA,CM
76,76111,76111000,VALLE DEL CAUCA,GUADALAJARA DE BUGA,GUADALAJARA DE BUGA,CM
76,76113,76113000,VALLE DEL CAUCA,BUGALAGRANDE,BUGALAGRANDE,CM
76,76122,76122000,VALLE DEL CAUCA,CAICEDONIA,CAICEDONIA,CM
76,76126,76126000,VALLE DEL CAUCA,CALIMA,DARIEN,CM
76,76130,76130000,VALLE DEL CAUCA,CANDELARIA,CANDELARIA,CM
76,76147,76147000,VALLE DEL CAUCA,CARTAGO,CARTAGO,CM
76,76233,76233000,VALLE DEL CAUCA,DAGUA,DAGUA,CM
76,76243,76243000,VALLE DEL CAUCA,EL AGUILA,EL AGUILA,CM
76,76246,76246000,VALLE DEL CAUCA,EL CAIRO,EL CAIRO,CM
76,76248,76248000,VALLE DEL CAUCA,EL CERRITO,EL CERRITO,CM
76,76250,76250000,VALLE DEL CAUCA,EL DOVIO,EL DOVIO,CM
76,76275,76275000,VALLE DEL CAUCA,FLORIDA,FLORIDA,CM
76,76306,76306000,VALLE DEL CAUCA,GINEBRA,GINEBRA,CM
76,76318,76318000,VALLE DEL CAUCA,GUACARI,GUACARI,CM
76,76364,76364000,VALLE DEL CAUCA,JAMUNDI,JAMUNDI,CM
76,76377,76377000,VALLE DEL CAUCA,LA CUMBRE,LA CUMBRE,CM
76,76400,76400000,VALLE DEL CAUCA,LA UNION,LA UNION,CM
76,76403,76403000,VALLE DEL CAUCA,LA VICTORIA,LA VICTORIA,CM
76,76497,76497000,VALLE DEL CAUCA,OBANDO,OBANDO,CM
76,76520,76520000,VALLE DEL CAUCA,PALMIRA,PALMIRA,CM
76,76563,76563000,VALLE DEL CAUCA,PRADERA,PRADERA,CM
76,76606,76606000,VALLE DEL CAUCA,RESTREPO,RESTREPO,CM
76,76616,76616000,VALLE DEL CAUCA,RIOFRIO,RIOFRIO,CM
76,76622,76622000,VALLE DEL CAUCA,ROLDANILLO,ROLDANILLO,CM
76,76670,76670000,VALLE DEL CAUCA,SAN PEDRO,SAN PEDRO,CM
76,76736,76736000,VALLE DEL CAUCA,SEVILLA,SEVILLA,CM
76,76823,76823000,VALLE DEL CAUCA,TORO,TORO,CM
76,76828,76828000,VALLE DEL CAUCA,TRUJILLO,TRUJILLO,CM
76,76834,76834000,VALLE DEL CAUCA,TULUA,TULUA,CM
76,76845,76845000,VALLE DEL CAUCA,ULLOA,ULLOA,CM
76,76863,76863000,VALLE DEL CAUCA,VERSALLES,VERSALLES,CM
76,76869,76869000,VALLE DEL CAUCA,VIJES,VIJES,CM
76,76890,76890000,VALLE DEL CAUCA,YOTOCO,YOTOCO,CM
76,76892,76892000,VALLE DEL CAUCA,YUMBO,YUMBO,CM
76,76895,76895000,VALLE DEL CAUCA,ZARZAL,ZARZAL,CM
81,81001,81001000,ARAUCA,ARAUCA,ARAUCA,CM
81,81065,81065000,ARAUCA,ARAUQUITA,ARAUQUITA,CM
81,81220,81220000,ARAUCA,CRAVO NORTE,CRAVO NORTE,CM
81,81300,81300000,ARAUCA,FORTUL,FORTUL,CM
81,81591,81591000,ARAUCA,PUERTO RONDON,PUERTO RONDON,CM
81,81736,81736000,ARAUCA,SARAVENA,SARAVENA,CM
81,81794,81794000,ARAUCA,TAME,TAME,CM
85,85001,85001000,CASANARE,YOPAL,YOPAL,CM
85,85010,85010000,CASANARE,AGUAZUL,AGUAZUL,CM
85,85015,85015000,CASANARE,CHAMEZA,CHAMEZA,CM
85,85125,85125000,CASANARE,HATO COROZAL,HATO COROZAL,CM
85,85136,85136000,CASANARE,LA SALINA,LA SALINA,CM
85,85139,85139000,CASANARE,MANI,MANI,CM
85,85162,85162000,CASANARE,MONTERREY,MONTERREY,CM
85,85225,85225000,CASANARE,NUNCHIA,NUNCHIA,CM
85,85230,85230000,CASANARE,OROCUE,OROCUE,CM
85,85250,85250000,CASANARE,PAZ DE ARIPORO,PAZ DE ARIPORO,CM
85,85263,85263000,CASANARE,PORE,PORE,CM
85,85279,85279000,CASANARE,RECETOR,RECETOR,CM
85,85300,85300000,CASANARE,SABANALARGA,SABANALARGA,CM
85,85315,85315000,CASANARE,SACAMA,SACAMA,CM
85,85325,85325000,CASANARE,SAN LUIS DE PALENQUE,SAN LUIS DE PALENQUE,CM
85,85400,85400000,CASANARE,TAMARA,TAMARA,CM
85,85410,85410000,CASANARE,TAURAMENA,TAURAMENA,CM
85,85430,85430000,CASANARE,TRINIDAD,TRINIDAD,CM
85,85440,85440000,CASANARE,VILLANUEVA,VILLANUEVA,CM
86,86001,86001000,PUTUMAYO,MOCOA,MOCOA,CM
86,86219,86219000,PUTUMAYO,COLON,COLON,CM
86,86320,86320000,PUTUMAYO,ORITO,ORITO,CM
86,86568,86568000,PUTUMAYO,PUERTO ASIS,PUERTO ASIS,CM
86,86569,86569000,PUTUMAYO,PUERTO CAICEDO,PUERTO CAICEDO,CM
86,86571,86571000,PUTUMAYO,PUERTO GUZMAN,PUERTO GUZMAN,CM
86,86573,86573000,PUTUMAYO,PUERTO LEGUIZAMO,PUERTO LEGUIZAMO,CM
86,86749,86749000,PUTUMAYO,SIBUNDOY,SIBUNDOY,CM
86,86755,86755000,PUTUMAYO,SAN FRANCISCO,SAN FRANCISCO,CM
86,86757,86757000,PUTUMAYO,SAN MIGUEL,LA DORADA,CM
86,86760,86760000,PUTUMAYO,SANTIAGO,SANTIAGO,CM
86,86865,86865000,PUTUMAYO,VALLE DEL GUAMUEZ,LA HORMIGA,CM
86,86885,86885000,PUTUMAYO,VILLAGARZON,VILLAGARZON,CM
88,88001,88001000,"ARCHIPIELAGO DE SAN ANDRES, PROVIDENCIA Y SANTA CATALINA",SAN ANDRES,SAN ANDRES,CM
88,88564,88564000,"ARCHIPIELAGO DE SAN ANDRES, PROVIDENCIA Y SANTA CATALINA",PROVIDENCIA,PROVIDENCIA,CM
91,91001,91001000,AMAZONAS,LETICIA,LETICIA,CM
91,91540,91540000,AMAZONAS,PUERTO NARIÑO,PUERTO NARIÑO,CM
94,94001,94001000,GUAINIA,INIRIDA,INIRIDA,CM
95,95001,95001000,GUAVIARE,SAN JOSE DEL GUAVIARE,SAN JOSE DEL GUAVIARE,CM
95,95015,95015000,GUAVIARE,CALAMAR,CALAMAR,CM
95,95025,95025000,GUAVIARE,EL RETORNO,EL RETORNO,CM
95,95200,95200000,GUAVIARE,MIRAFLORES,MIRAFLORES,CM
97,97001,97001000,VAUPES,MITU,MITU,CM
97,97161,97161000,VAUPES,CARURU,CARURU,CM
97,97666,97666000,VAUPES,TARAIRA,TARAIRA,CM
99,99001,99001000,VICHADA,PUERTO CARREÑO,PUERTO CARREÑO,CM
99,99524,99524000,VICHADA,LA PRIMAVERA,LA PRIMAVERA,CM
99,99624,99624000,VICHADA,SANTA ROSALIA,SANTA ROSALIA,CM
99,99773,99773000,VICHADA,CUMARIBO,CUMARIBO,CM